deaths,age,duration,sex,log_exposure
120.0,79.888,18.003,M,8.219865
9.0,46.231,18.957,F,8.21113
18.0,46.184,15.529,F,8.009297
11.0,56.653,19.884,F,8.210695
88.0,74.508,8.902,M,7.93791
3.0,49.13,15.599,F,7.6912
14.0,59.077,7.384,M,8.069561
4.0,55.177,19.749,M,7.061163
5.0,58.561,8.588,M,7.194887
35.0,63.217,4.415,F,8.223627
9.0,59.327,9.792,F,7.439207
13.0,61.266,14.17,M,8.002527
2.0,45.448,18.261,F,7.009048
31.0,67.768,16.183,F,8.288057
11.0,71.725,10.774,F,6.248623
17.0,70.6,14.654,F,7.999041
1.0,51.381,18.821,M,7.686988
16.0,59.444,6.424,M,7.869249
39.0,84.797,18.315,M,7.937053
3.0,49.977,19.044,F,7.343491
11.0,82.023,6.334,F,6.680102
28.0,56.033,11.594,M,8.195223
17.0,61.422,16.51,M,8.245332
93.0,83.748,16.862,M,7.278353
26.0,70.643,8.87,M,6.983605
226.0,84.243,15.333,M,7.836883
12.0,68.355,11.098,M,6.906154
0.0,48.9,8.767,F,6.404071
1.0,61.405,15.814,F,6.420158
167.0,77.31,18.073,M,8.259665
26.0,75.399,12.75,F,7.310617
24.0,60.713,19.749,M,7.441789
6.0,62.813,17.032,F,7.076654
185.0,82.838,4.295,F,8.259329
50.0,64.369,3.085,M,8.213842
11.0,84.063,15.598,F,6.428913
39.0,72.936,13.125,F,7.678789
2.0,54.96,19.667,F,6.135565
19.0,55.483,3.189,M,7.09581
326.0,83.508,2.437,F,8.288736
31.0,81.486,16.149,M,6.576191
3.0,53.851,6.371,M,7.404157
10.0,70.163,17.524,F,6.415097
17.0,71.879,15.81,M,6.72815
18.0,64.374,19.592,M,7.303843
76.0,65.792,3.181,M,8.166728
15.0,81.81,11.188,F,7.2066
40.0,77.925,12.404,F,7.815651
12.0,74.011,18.251,F,6.133615
0.0,48.879,4.051,F,5.765191
5.0,63.43,7.778,M,6.644571
12.0,65.001,12.126,F,7.452286
6.0,45.072,10.736,F,8.131001
3.0,66.376,16.114,F,7.359404
3.0,55.796,12.193,F,5.922382
33.0,72.482,5.097,M,8.039577
3.0,45.7,15.954,F,8.249732
2.0,56.218,6.298,M,7.05764
39.0,64.534,2.158,M,7.559924
15.0,68.411,14.818,M,7.802291
14.0,53.216,16.602,M,8.234671
5.0,53.799,4.381,M,6.833786
4.0,49.753,9.602,F,8.229884
2.0,50.293,10.286,F,7.982792
15.0,82.969,5.374,M,6.082219
15.0,56.179,6.264,F,8.195968
99.0,77.982,9.278,F,7.771615
24.0,60.82,2.809,F,7.715391
26.0,62.81,13.818,F,8.108864
97.0,75.226,14.206,M,7.902709
142.0,82.234,2.988,M,7.461353
62.0,73.141,10.049,M,8.255569
32.0,66.626,18.956,M,7.191128
27.0,75.013,12.47,F,7.813187
64.0,72.33,15.135,M,7.733027
46.0,81.654,15.763,M,6.637258
4.0,73.907,5.215,F,6.556068
134.0,76.43,9.662,F,8.269936
22.0,54.384,14.327,M,7.570752
15.0,64.022,10.661,F,7.775066
21.0,63.256,16.463,M,7.627982
7.0,71.344,6.301,M,5.950643
35.0,78.53,7.282,M,7.55883
21.0,75.08,12.944,M,8.190964
64.0,69.127,17.212,M,6.92746
12.0,58.687,15.57,F,7.450196
5.0,64.612,6.699,F,8.013608
58.0,72.671,19.5,M,7.54708
6.0,52.586,12.86,F,8.181972
2.0,52.714,15.462,F,6.265301
22.0,62.222,5.229,M,6.964703
26.0,71.056,13.983,F,7.974636
148.0,71.635,18.365,M,8.156826
29.0,73.012,5.686,F,8.109886
29.0,69.149,8.895,F,7.710922
188.0,81.349,9.615,F,7.810474
69.0,73.883,14.149,M,8.19572
12.0,61.697,15.352,F,7.964781
13.0,53.87,15.176,M,8.059087
83.0,71.965,3.144,M,7.518933
54.0,75.118,8.253,M,7.212737
1.0,48.521,6.903,F,6.15252
1.0,45.643,12.619,F,6.559898
67.0,64.637,1.758,F,7.595236
17.0,73.675,17.395,M,6.254982
50.0,74.613,11.681,F,7.257144
81.0,54.876,2.216,M,8.208301
34.0,49.889,2.302,F,8.255387
21.0,72.073,2.625,F,6.688355
36.0,63.778,10.126,F,8.149948
32.0,61.306,3.548,F,8.183509
6.0,50.589,15.179,M,7.466914
73.0,75.635,10.289,M,7.328962
33.0,60.627,5.791,M,8.154558
11.0,49.196,12.19,M,7.758034
12.0,72.427,3.674,F,6.701592
115.0,75.008,17.432,M,8.125335
51.0,71.539,18.664,F,7.732764
16.0,61.01,19.087,M,7.716862
1.0,46.524,18.054,M,6.508024
15.0,58.919,8.174,M,8.246591
8.0,57.152,3.191,F,6.592908
0.0,49.672,4.395,M,6.1039
13.0,54.177,1.531,F,6.784683
22.0,80.203,12.364,F,7.102252
22.0,82.194,17.771,F,7.35385
4.0,76.548,10.618,F,6.02369
128.0,82.176,16.054,M,7.858911
0.0,56.465,6.091,M,6.7172
6.0,45.132,1.443,F,7.826922
41.0,68.99,17.064,F,7.742228
29.0,83.644,18.148,F,7.361439
11.0,78.444,4.193,M,6.759719
43.0,67.798,18.671,M,7.704587
2.0,68.374,6.366,M,6.692828
27.0,67.123,9.904,F,7.634289
27.0,60.048,12.534,F,8.246775
3.0,50.038,5.69,F,6.667847
228.0,76.395,15.659,M,8.208601
51.0,70.344,12.991,M,7.935265
100.0,79.288,17.867,F,7.93186
14.0,64.074,18.145,M,7.437324
16.0,81.14,11.289,F,6.945436
1.0,52.39,11.622,M,6.213808
66.0,64.188,3.294,M,8.104341
8.0,56.703,5.798,F,7.615101
11.0,72.559,10.317,M,6.083816
64.0,62.493,13.412,M,8.206802
54.0,79.697,2.549,M,6.957212
9.0,55.545,8.482,M,8.199959
1.0,57.124,5.507,M,5.495528
7.0,51.45,5.881,F,8.240411
5.0,54.032,2.167,F,7.011845
2.0,51.936,15.904,M,7.00461
12.0,57.027,11.335,F,7.871502
12.0,54.25,14.584,F,7.167115
0.0,51.694,10.871,F,6.331858
55.0,73.445,3.814,M,7.569825
0.0,61.075,9.42,F,5.959974
15.0,45.607,15.015,F,7.852672
109.0,80.865,15.61,F,7.68156
4.0,46.05,7.99,F,7.234898
13.0,64.484,10.221,M,6.666575
9.0,75.956,12.027,F,6.117877
66.0,81.049,5.27,F,8.280838
11.0,59.158,8.355,M,8.056712
2.0,49.805,9.166,M,7.042723
10.0,61.836,17.124,M,7.71222
2.0,59.634,4.908,M,6.216207
16.0,48.772,5.606,M,8.162231
20.0,82.087,9.558,M,5.985698
87.0,78.597,6.419,F,8.19376
8.0,49.124,6.793,M,7.903707
145.0,76.816,9.811,F,8.204699
30.0,65.734,18.031,F,7.436499
11.0,50.338,2.609,F,7.904556
5.0,75.232,12.886,F,6.132964
11.0,66.294,2.388,F,5.791488
81.0,76.839,8.092,M,7.800163
1.0,46.481,17.977,F,7.377946
45.0,73.804,12.442,M,8.034599
22.0,64.229,4.238,F,7.808851
43.0,71.127,3.657,F,8.285312
7.0,57.753,8.571,M,7.611941
46.0,66.485,19.101,M,8.043342
48.0,73.646,4.697,M,8.26845
2.0,48.643,7.112,F,7.530587
9.0,56.768,3.223,F,8.159432
2.0,71.116,6.583,F,5.581991
8.0,50.092,13.281,F,8.115999
13.0,74.473,11.692,M,7.046734
13.0,60.43,2.061,F,7.759273
76.0,81.524,7.708,F,7.251416
57.0,80.385,11.745,M,8.1157
33.0,74.466,7.338,F,8.08847
12.0,48.264,5.169,F,8.038609
33.0,65.939,18.014,F,7.781681
84.0,82.598,5.796,F,8.198612
85.0,59.881,1.918,M,8.080825
16.0,57.595,4.518,M,8.102889
3.0,54.744,8.735,F,7.835698
8.0,56.383,10.439,M,7.904482
68.0,78.247,6.967,F,7.792638
28.0,74.12,10.245,F,6.91324
4.0,50.494,13.748,F,6.752037
23.0,81.262,18.88,F,7.378009
9.0,55.635,4.233,F,7.612979
174.0,70.795,1.617,F,8.238669
10.0,59.214,3.474,M,7.941367
88.0,74.941,16.619,M,7.640075
2.0,49.367,7.926,F,6.178359
1.0,49.825,15.295,F,6.266821
54.0,84.865,17.852,M,7.644584
3.0,46.554,2.001,F,6.970824
0.0,53.736,17.137,F,6.942833
18.0,76.899,11.742,F,6.952537
137.0,78.583,9.393,F,7.913448
37.0,78.365,19.521,F,7.45304
11.0,52.096,4.068,F,8.088961
3.0,65.152,10.108,F,5.969475
83.0,79.359,17.653,F,8.133499
157.0,78.99,8.715,F,7.877056
3.0,47.062,5.669,F,7.626668
15.0,59.181,11.392,F,7.682252
33.0,75.87,10.069,F,7.861265
10.0,57.577,13.489,M,7.257778
223.0,79.763,7.942,M,7.649597
39.0,83.041,12.007,F,7.307404
50.0,76.723,13.022,F,8.036476
17.0,67.967,2.737,F,6.536257
17.0,55.509,13.402,M,8.188856
123.0,69.648,2.947,M,8.173773
64.0,72.557,5.072,M,8.209553
31.0,54.506,12.346,M,8.206638
0.0,59.538,17.314,F,5.31074
91.0,72.334,16.165,M,8.083606
1.0,57.494,17.266,F,8.099494
75.0,81.671,3.986,M,7.67601
20.0,76.03,12.5,F,8.097974
5.0,58.943,15.61,F,7.520614
0.0,55.714,16.68,F,7.040536
8.0,77.769,13.635,F,7.260593
74.0,69.632,8.476,M,8.068841
34.0,66.156,12.062,F,7.623104
58.0,84.144,6.097,F,7.803272
123.0,69.711,1.827,M,8.278454
121.0,77.682,2.643,F,7.942256
13.0,56.089,9.636,M,7.706568
25.0,59.179,11.96,F,7.770983
9.0,56.91,14.37,F,7.180907
5.0,49.821,6.737,M,7.480992
24.0,47.548,2.526,F,8.282458
20.0,65.448,14.548,M,7.701833
1.0,49.564,11.998,F,6.762845
122.0,77.377,8.237,M,7.413729
23.0,63.122,8.848,F,8.077664
17.0,56.204,10.159,M,8.040866
7.0,47.682,17.223,F,7.860224
13.0,54.804,15.474,F,8.153177
1.0,47.928,18.222,M,7.479921
3.0,49.604,3.967,M,7.519258
4.0,46.086,16.616,F,7.703685
10.0,60.723,8.539,M,7.869249
20.0,70.838,19.548,M,7.640219
25.0,75.462,10.14,M,7.108735
1.0,58.04,16.618,M,6.487075
19.0,55.5,10.73,F,7.991592
46.0,73.02,18.689,M,7.898337
11.0,57.269,10.922,M,7.844593
5.0,55.46,6.897,F,7.223514
19.0,53.018,12.82,M,8.033756
69.0,79.62,4.733,M,7.474999
5.0,58.95,12.997,F,6.669879
4.0,63.341,8.631,F,5.917818
15.0,79.11,12.844,F,7.083891
11.0,55.419,14.749,F,7.915823
4.0,53.248,1.265,M,6.546068
1.0,45.179,10.262,F,8.270295
1.0,49.85,16.176,M,6.477126
36.0,61.04,18.344,M,8.157829
41.0,74.69,18.143,F,7.861033
6.0,61.065,11.695,F,6.36182
3.0,52.486,8.179,M,7.43903
9.0,66.104,8.381,M,7.3325
1.0,56.986,17.087,M,8.040769
11.0,54.457,10.998,M,7.582178
52.0,77.325,2.473,M,7.349488
7.0,59.785,5.047,F,7.216122
5.0,58.737,12.981,M,6.924219
124.0,75.126,4.1,M,8.288384
3.0,51.04,9.292,M,7.107344
50.0,81.64,10.798,M,8.051468
24.0,63.864,6.896,F,8.148504
7.0,57.002,18.117,M,7.07969
14.0,72.417,19.263,M,7.389564
185.0,75.878,17.206,M,7.455356
15.0,60.961,5.927,F,7.520993
32.0,78.407,3.307,F,6.960727
43.0,69.583,18.83,M,7.897222
109.0,77.354,8.892,F,7.818953
27.0,72.114,18.033,F,6.714656
66.0,77.091,15.968,F,8.098156
23.0,48.244,1.48,M,8.031255
5.0,49.542,1.418,F,8.129853
117.0,71.803,7.842,F,8.115551
19.0,50.523,16.319,M,8.048213
9.0,68.538,13.418,M,7.505052
14.0,64.252,6.758,M,8.263126
4.0,46.523,7.505,M,7.543803
323.0,84.547,2.059,F,8.169336
15.0,71.101,6.19,F,7.282349
1.0,61.394,10.201,F,6.623667
10.0,61.375,7.261,F,7.757222
16.0,66.021,17.228,M,8.024535
53.0,74.92,15.631,M,7.267456
53.0,73.213,9.818,F,8.049491
93.0,73.528,1.017,M,8.042828
53.0,72.071,6.615,M,7.505767
70.0,73.145,4.006,M,8.219676
3.0,63.972,7.291,F,6.726593
38.0,79.275,14.023,F,6.996041
53.0,80.251,17.968,M,7.673688
3.0,48.381,11.274,M,6.769297
38.0,70.391,18.541,M,6.946784
16.0,47.06,2.311,F,8.06718
128.0,84.453,6.741,F,7.614707
148.0,75.093,2.474,F,7.555225
8.0,56.351,5.156,M,6.02659
4.0,56.406,5.815,F,7.876297
41.0,71.748,12.455,M,7.797825
34.0,82.688,3.873,F,7.534282
174.0,83.544,4.379,F,8.256478
31.0,63.336,5.249,M,7.915859
15.0,66.22,11.731,F,7.508184
0.0,55.255,11.75,M,6.625923
20.0,82.628,11.04,F,6.647818
106.0,80.575,12.662,F,8.050767
20.0,50.127,7.233,M,8.034177
51.0,77.353,5.954,F,8.123261
84.0,61.351,3.786,M,8.148359
20.0,64.542,15.162,M,8.054237
111.0,82.171,1.43,F,8.156367
13.0,57.34,19.397,F,7.953705
14.0,55.867,14.316,F,8.052615
14.0,64.756,12.699,M,7.206748
7.0,57.484,7.447,M,7.371678
8.0,50.721,16.781,F,8.184374
6.0,52.024,4.903,M,7.047169
214.0,80.068,7.665,F,8.246408
51.0,79.33,13.17,M,7.288449
13.0,57.575,6.624,M,8.198117
13.0,79.292,14.778,M,5.735281
5.0,70.034,5.385,F,7.169196
34.0,77.021,13.921,F,8.178919
19.0,67.13,2.224,F,7.31362
0.0,45.748,11.103,M,5.598792
69.0,60.302,2.277,M,7.676195
8.0,49.05,6.281,M,8.194091
6.0,56.82,14.311,F,7.281799
13.0,77.824,17.333,F,5.334649
16.0,70.515,11.898,F,7.299121
9.0,57.207,15.975,F,8.271702
31.0,68.739,11.37,M,7.195862
83.0,76.14,6.548,M,7.936481
7.0,55.291,10.857,F,7.564861
32.0,75.304,5.9,M,7.977282
33.0,61.348,1.013,M,8.220484
8.0,47.944,1.35,M,8.053633
26.0,75.596,10.592,M,6.896189
6.0,72.303,18.658,F,5.833348
18.0,51.615,14.587,F,7.998268
27.0,66.407,17.052,M,7.954899
7.0,63.438,14.697,M,7.492705
67.0,72.645,8.639,F,8.231456
53.0,72.744,2.148,M,7.689463
6.0,53.684,4.603,F,7.24437
15.0,62.203,19.35,M,6.739692
10.0,46.99,5.678,M,8.025386
58.0,62.403,1.915,M,7.937696
15.0,56.205,6.612,M,8.283519
1.0,55.48,17.296,F,7.990712
11.0,48.111,13.758,F,7.96492
8.0,49.338,17.735,F,7.622713
6.0,56.768,4.135,F,6.741937
23.0,71.067,11.015,F,8.206038
10.0,58.001,4.595,F,7.384238
66.0,81.907,14.964,M,7.391723
2.0,64.739,15.745,F,6.571023
5.0,59.833,6.713,F,8.26547
182.0,81.992,2.108,F,7.857287
3.0,49.386,10.029,F,7.86165
31.0,77.442,3.933,F,7.315684
25.0,49.32,18.144,M,8.101557
3.0,71.586,14.357,M,6.02659
31.0,69.951,3.56,M,8.110637
29.0,56.358,3.875,M,7.984974
76.0,84.142,10.919,F,7.616037
15.0,62.033,4.414,F,7.262629
24.0,52.689,10.885,M,8.228844
2.0,56.858,8.332,M,7.794411
32.0,76.935,1.875,F,7.297836
4.0,55.538,7.153,F,7.890321
3.0,59.379,11.368,M,5.366443
29.0,56.001,12.182,F,7.905368
13.0,78.925,6.844,F,7.260171
44.0,80.592,17.098,M,6.594277
44.0,57.038,3.16,M,8.11567
22.0,59.695,3.33,F,7.470908
21.0,56.896,3.11,F,8.286597
11.0,61.251,5.878,M,7.992877
16.0,69.719,3.694,F,6.971012
8.0,56.158,19.987,F,8.086349
106.0,84.243,15.741,M,7.342196
28.0,68.484,8.585,F,7.952615
10.0,65.921,16.772,M,7.583604
159.0,83.269,6.393,F,8.156395
35.0,58.854,3.873,M,7.848739
7.0,47.025,11.822,F,7.691794
73.0,80.644,6.154,F,8.03489
123.0,81.752,6.252,F,8.038738
6.0,75.235,11.517,M,6.313729
73.0,68.498,3.927,M,8.062527
2.0,56.949,12.163,F,6.364923
55.0,63.746,2.878,F,8.078099
74.0,84.357,7.839,M,6.55692
135.0,77.403,17.538,F,8.128733
6.0,56.762,5.347,M,6.880384
10.0,62.305,17.028,F,6.989335
14.0,69.116,17.409,F,6.550795
16.0,63.949,11.922,F,7.954302
39.0,63.58,19.728,M,7.958087
70.0,81.644,17.478,M,7.788502
149.0,71.068,2.224,M,8.172136
55.0,81.55,6.196,F,7.937339
1.0,47.106,8.6,M,6.849596
8.0,67.533,6.011,F,5.785362
96.0,68.726,1.397,M,8.058612
118.0,80.825,5.878,M,7.992978
84.0,84.38,5.249,M,7.611694
26.0,68.029,18.455,M,7.206526
5.0,52.52,10.224,M,7.419201
67.0,67.356,1.915,M,7.89971
3.0,63.409,5.233,M,5.640132
3.0,58.865,2.921,F,6.747
17.0,57.427,8.137,F,7.889422
23.0,71.976,5.675,M,6.876058
6.0,57.558,15.528,M,7.730526
5.0,49.551,9.355,F,7.574353
50.0,80.385,6.285,M,7.73888
7.0,64.426,15.768,M,6.325792
4.0,63.835,12.095,F,6.808156
4.0,70.423,6.086,M,6.111467
3.0,58.72,16.079,F,7.501634
10.0,59.397,14.258,F,7.876297
10.0,62.236,10.023,F,7.704677
1.0,46.646,4.622,M,5.921578
18.0,64.028,3.9,M,7.495431
358.0,84.475,16.308,M,8.286899
54.0,83.971,19.752,M,7.398052
24.0,71.672,17.954,M,7.597045
19.0,51.805,9.389,F,8.267167
19.0,62.74,17.115,M,7.578606
54.0,77.893,19.159,F,7.873978
79.0,71.769,16.148,F,8.293074
1.0,45.292,14.803,M,8.035797
165.0,84.414,6.841,F,8.216601
17.0,55.462,13.26,F,7.678419
2.0,60.746,6.392,M,5.78444
9.0,63.628,6.138,M,8.164368
1.0,53.305,16.307,M,6.20476
3.0,52.5,15.82,F,7.32449
4.0,49.329,9.713,F,7.648168
94.0,80.656,9.773,M,7.184326
23.0,51.946,13.512,F,8.094134
3.0,47.376,1.75,F,7.133216
38.0,76.922,14.672,M,6.717926
4.0,57.749,19.211,F,8.178891
8.0,60.383,18.65,M,7.966101
2.0,47.576,3.219,F,6.175035
13.0,74.773,19.87,F,6.812455
21.0,53.049,4.532,M,7.922043
34.0,82.284,10.607,F,6.978307
1.0,60.115,16.159,F,6.12534
24.0,61.412,1.962,M,7.778086
30.0,66.1,12.027,F,8.285185
12.0,62.766,14.738,M,7.957107
36.0,71.115,4.532,F,7.544015
12.0,58.397,7.413,F,8.175153
41.0,62.047,3.031,F,7.91213
2.0,63.929,13.604,F,6.564138
48.0,66.658,12.921,M,8.143692
10.0,72.912,12.557,F,7.44261
43.0,80.247,5.358,F,7.856707
39.0,82.153,5.784,M,7.757906
8.0,56.849,14.92,F,8.061771
23.0,62.835,13.203,M,7.35417
13.0,82.799,18.704,M,7.942469
3.0,61.562,12.975,F,5.892473
2.0,60.608,16.767,M,6.812455
78.0,74.268,16.177,F,7.312887
4.0,66.159,13.888,F,8.161147
2.0,71.421,16.974,F,5.497988
26.0,60.948,3.333,M,7.574045
231.0,74.851,1.344,F,8.208301
4.0,57.452,5.355,M,7.079858
11.0,70.979,4.828,M,6.820235
32.0,66.288,19.691,F,7.881862
15.0,69.258,16.176,F,8.065359
326.0,84.983,3.275,F,7.969254
4.0,57.252,3.009,M,6.935468
17.0,67.949,17.969,M,7.755981
87.0,80.1,10.752,F,7.945378
40.0,81.523,11.454,M,6.880487
5.0,62.749,12.619,F,6.610965
40.0,82.76,17.037,F,7.390367
27.0,66.437,17.83,M,7.027048
1.0,54.303,15.921,F,7.708725
2.0,72.956,15.138,F,5.729775
7.0,48.25,12.526,F,7.985689
52.0,81.523,16.181,M,6.610023
21.0,66.537,13.027,M,7.87093
0.0,50.155,13.318,F,6.171492
38.0,56.247,2.343,M,8.290343
19.0,56.652,1.525,F,7.03694
47.0,73.37,19.486,M,7.375381
63.0,77.635,15.298,M,6.943122
49.0,76.324,9.991,M,7.9315
116.0,69.31,1.758,F,8.209907
1.0,52.69,13.48,M,6.072122
20.0,76.294,11.08,F,7.362138
2.0,58.143,7.951,F,6.842897
10.0,59.451,17.136,F,7.994228
9.0,60.883,9.928,F,7.712802
78.0,81.223,14.895,F,8.162972
17.0,47.632,4.514,F,7.996014
46.0,75.864,13.124,F,8.104764
16.0,54.029,12.002,M,7.590499
4.0,62.762,1.99,F,6.095149
6.0,50.827,14.552,F,7.618939
8.0,50.378,17.066,M,8.16721
15.0,69.3,19.965,M,7.371804
10.0,69.892,4.614,F,6.905252
47.0,70.913,19.994,M,7.656195
12.0,53.692,13.747,M,7.7434
6.0,46.914,7.572,F,7.919211
268.0,84.464,7.894,M,8.167834
234.0,84.744,11.26,M,8.029889
1.0,50.763,15.094,F,7.590195
5.0,78.18,3.659,F,5.593968
8.0,68.448,14.548,M,7.587716
20.0,84.51,4.596,F,6.881514
12.0,55.158,2.502,F,7.888335
2.0,52.188,15.231,M,7.375068
12.0,51.908,17.8,M,8.292398
18.0,58.291,10.621,F,8.103071
0.0,51.601,16.486,F,5.940697
54.0,76.311,6.853,M,7.983542
57.0,65.726,12.642,M,8.153983
33.0,62.219,9.809,M,7.774015
4.0,48.275,13.126,F,6.739928
3.0,75.634,10.225,F,6.128396
115.0,56.437,2.945,M,8.287453
24.0,50.722,2.74,M,7.163792
34.0,68.643,15.878,F,8.252681
19.0,81.866,18.342,F,6.920672
48.0,82.918,10.302,F,6.760878
5.0,62.864,15.05,M,7.411073
18.0,72.727,3.226,F,6.759951
67.0,68.784,10.37,M,7.341549
18.0,62.328,8.104,F,7.799384
2.0,57.412,16.084,M,6.865891
34.0,65.261,7.098,M,7.973155
62.0,76.893,16.844,M,7.261717
14.0,74.72,15.555,F,6.258242
15.0,55.62,4.405,M,7.295667
37.0,84.22,17.148,F,7.41722
132.0,83.636,9.873,M,7.761447
47.0,59.439,1.41,M,8.254399
4.0,52.626,6.703,F,7.400743
17.0,71.925,14.344,M,7.457609
7.0,46.015,13.801,F,7.475396
7.0,47.555,4.408,F,7.768195
70.0,70.953,16.616,M,7.655438
10.0,61.042,16.385,F,7.858061
4.0,46.81,5.915,M,8.252993
16.0,77.377,12.692,F,7.37513
6.0,61.512,9.722,M,7.55601
42.0,74.211,14.736,F,8.051022
17.0,62.844,8.2,M,7.724756
33.0,71.924,5.111,M,8.062653
77.0,78.127,9.212,F,7.420699
7.0,48.621,9.689,M,7.957667
64.0,83.636,14.046,F,8.118416
2.0,56.592,11.117,M,7.064161
59.0,74.698,14.052,M,7.799999
303.0,83.288,7.832,M,7.920737
29.0,73.389,19.713,M,7.535297
26.0,64.792,18.788,F,7.703008
9.0,53.561,3.457,F,7.284684
16.0,83.506,19.77,M,7.274826
167.0,80.18,17.879,M,8.249
19.0,66.972,10.389,M,6.919289
2.0,73.486,11.238,M,5.986201
8.0,49.028,13.485,M,7.892564
1.0,56.311,17.515,F,8.269783
25.0,55.068,12.152,M,8.057568
85.0,80.654,2.764,M,6.973075
8.0,47.011,15.873,M,7.668281
220.0,84.674,16.244,F,8.286949
36.0,74.545,8.001,F,7.160924
10.0,75.355,3.034,F,6.550795
4.0,61.656,16.857,F,7.243727
140.0,80.104,8.645,F,7.418421
7.0,64.174,7.164,F,7.98817
2.0,52.291,5.621,M,6.504138
78.0,80.507,7.135,F,7.565483
1.0,56.544,11.221,F,6.645741
2.0,48.132,7.686,F,6.294343
0.0,59.563,2.053,F,6.442381
18.0,53.159,8.211,M,8.118475
22.0,66.314,2.447,F,7.91407
61.0,72.74,16.773,M,7.759059
24.0,71.458,16.542,M,6.747587
15.0,73.402,12.74,M,7.29329
51.0,83.191,11.91,F,8.273362
16.0,63.462,9.635,F,8.157198
14.0,48.245,1.646,M,7.468342
1.0,63.78,16.893,F,6.150603
2.0,65.021,13.956,F,5.307773
15.0,68.823,9.639,M,6.529857
23.0,59.381,9.657,F,8.285312
34.0,76.896,18.914,F,7.401964
5.0,48.949,14.284,M,6.358882
2.0,60.417,10.504,F,5.9378
2.0,64.162,4.626,M,6.227919
3.0,46.229,10.197,M,7.224316
112.0,83.422,4.072,F,7.835737
115.0,78.284,15.361,M,7.641324
7.0,48.084,17.358,F,8.029726
4.0,51.364,9.487,F,7.301755
4.0,78.054,6.889,F,5.600642
6.0,68.991,16.225,F,6.044057
93.0,81.888,6.353,F,7.596342
18.0,53.745,3.772,M,7.886532
38.0,81.26,10.686,M,7.382435
29.0,71.152,4.297,M,7.451126
3.0,45.37,12.026,F,7.754439
26.0,64.263,3.506,M,7.575892
41.0,76.498,14.414,F,8.220565
36.0,70.009,2.961,F,7.835579
3.0,46.953,10.461,F,7.752206
6.0,57.671,9.96,M,7.270591
17.0,57.092,1.548,M,7.892527
44.0,73.005,2.99,F,7.873255
34.0,61.079,19.232,F,8.17976
25.0,59.356,3.675,M,7.882579
5.0,62.683,7.742,F,7.965615
12.0,64.807,7.616,F,8.194423
20.0,59.747,3.695,F,7.784723
20.0,57.83,2.141,M,7.454315
26.0,69.55,6.902,F,7.80368
23.0,77.634,11.328,F,7.068342
12.0,74.912,15.267,M,6.105686
48.0,67.504,16.943,M,7.996587
0.0,47.254,18.901,M,5.519459
48.0,82.732,6.366,M,7.587716
2.0,54.328,19.582,F,8.269091
9.0,60.064,9.129,M,7.569825
46.0,72.408,2.466,F,8.220215
5.0,58.32,10.431,F,8.156309
139.0,77.231,1.122,M,7.970429
48.0,79.635,15.029,F,7.950643
5.0,60.302,15.986,F,7.460893
31.0,69.238,3.128,M,7.09041
4.0,45.065,1.649,M,6.856778
2.0,45.217,9.425,F,7.730658
54.0,84.11,5.724,F,7.731843
126.0,83.268,13.369,M,7.807388
81.0,77.03,5.336,M,8.095111
59.0,68.498,18.062,M,8.056522
1.0,54.196,7.509,M,6.802728
1.0,45.391,14.612,M,6.697405
157.0,84.53,4.159,M,7.837594
24.0,69.203,6.306,F,7.911654
13.0,59.731,11.728,F,7.799589
5.0,58.626,11.473,M,6.248623
63.0,81.936,8.966,F,7.312153
5.0,49.218,9.353,M,8.195334
6.0,63.379,18.619,F,6.78604
5.0,66.177,6.35,M,6.868391
0.0,51.95,10.232,M,5.595083
67.0,78.208,4.406,M,7.588577
20.0,55.427,2.829,M,8.191352
24.0,67.446,4.969,M,7.659926
2.0,51.181,3.466,F,6.786943
24.0,73.577,12.593,M,7.4598
7.0,49.468,11.772,F,8.1921
1.0,49.556,9.703,F,7.581414
15.0,66.345,8.53,F,6.600686
86.0,73.729,11.795,M,7.449382
5.0,52.462,3.846,F,6.730541
8.0,47.204,6.711,M,8.096848
6.0,57.073,18.099,M,8.111838
201.0,83.607,18.09,M,8.287025
4.0,59.075,12.694,F,6.915128
0.0,49.453,10.5,F,5.938855
12.0,63.417,13.963,F,7.431773
2.0,61.686,15.731,F,6.825894
39.0,82.372,18.67,F,8.007633
37.0,71.756,5.335,F,8.201578
2.0,58.233,3.424,M,5.793928
83.0,83.223,18.43,F,7.889834
5.0,50.066,19.177,F,8.180769
31.0,67.848,8.531,M,7.412643
10.0,81.793,18.69,F,7.675964
18.0,76.095,7.251,M,6.139885
10.0,53.547,9.062,F,7.484706
9.0,59.611,7.819,M,7.496819
4.0,47.487,17.622,F,7.96259
209.0,82.143,15.141,M,7.682943
121.0,83.203,19.579,F,8.220134
24.0,68.262,13.825,M,8.001322
18.0,71.391,4.882,F,7.830744
16.0,56.794,3.162,F,6.653637
2.0,58.346,14.449,M,6.896391
11.0,66.425,15.526,F,7.539984
2.0,50.277,10.383,M,7.392216
23.0,63.103,6.701,F,8.193566
15.0,80.802,10.8,F,6.671146
30.0,79.678,19.064,M,7.00461
67.0,82.278,15.325,F,7.492593
1.0,47.922,12.491,F,5.306781
12.0,45.126,5.454,M,7.845259
0.0,62.844,8.213,F,5.547129
41.0,59.983,11.342,M,8.201934
1.0,51.141,17.305,M,7.556846
2.0,56.668,8.561,M,7.648644
5.0,49.466,10.319,F,7.993316
12.0,84.27,2.712,F,5.64474
7.0,48.818,10.091,F,8.088163
16.0,80.623,10.015,F,5.841223
8.0,56.716,5.929,F,8.022667
9.0,46.01,3.825,F,7.593072
46.0,77.418,8.231,M,7.479864
32.0,74.947,14.771,F,6.91334
208.0,79.457,16.59,M,7.86791
14.0,60.889,4.776,M,7.250494
13.0,51.702,11.287,F,8.127641
32.0,81.719,14.429,M,7.946865
93.0,78.044,15.379,M,7.619135
3.0,60.787,4.36,M,6.754138
180.0,78.446,3.14,F,8.046549
10.0,52.171,2.82,F,7.456974
2.0,53.328,6.061,F,7.02456
2.0,62.554,8.107,F,6.140746
131.0,83.443,15.699,M,7.305054
113.0,81.265,14.379,F,7.981904
2.0,62.446,5.361,F,5.780435
206.0,83.42,10.212,F,8.183732
22.0,61.109,2.984,M,7.360231
18.0,63.416,11.59,F,7.984906
15.0,58.666,7.744,M,7.89484
8.0,55.124,6.56,F,8.125956
14.0,73.283,5.918,M,7.096887
74.0,74.457,8.252,F,8.02653
5.0,57.056,4.813,F,7.284409
75.0,81.965,5.053,F,8.110307
5.0,54.829,10.195,F,7.276072
16.0,56.819,2.78,F,7.390181
5.0,61.535,14.875,F,7.373688
14.0,60.634,16.564,F,7.604347
6.0,66.288,14.429,M,6.59919
80.0,66.764,1.72,M,8.188439
57.0,74.359,12.231,M,8.058359
2.0,48.046,8.271,M,5.867318
4.0,48.838,9.557,M,7.577583
15.0,74.437,11.164,F,6.77411
65.0,74.713,17.608,F,8.0073
27.0,81.782,3.145,M,5.935688
75.0,84.207,13.762,F,7.728548
21.0,62.082,9.092,F,7.751346
9.0,61.256,13.347,M,7.861226
16.0,76.188,7.187,F,7.637668
71.0,66.784,10.577,M,7.631771
196.0,84.825,1.863,M,7.48594
43.0,78.607,19.768,F,7.437265
71.0,70.4,1.726,M,7.432957
34.0,62.499,4.795,M,8.293725
7.0,60.091,17.723,M,7.906584
25.0,73.619,13.435,F,8.04035
16.0,56.513,7.761,M,8.110818
11.0,59.477,12.018,F,6.474045
4.0,72.743,13.165,F,6.220391
146.0,80.956,7.108,M,8.03093
97.0,84.981,7.305,F,7.775654
53.0,78.3,17.579,M,7.563927
10.0,56.219,8.255,M,7.290225
1.0,47.715,14.615,F,6.281145
84.0,80.873,9.14,F,6.893859
7.0,70.325,8.208,F,6.575215
