age,duration,sex,log_exposure
58.19,6.303,M,8.198749
76.475,12.913,F,8.285891
79.987,10.116,M,7.675639
50.554,16.269,F,5.511006
50.51,9.493,M,7.378384
55.466,4.497,F,7.61011
74.639,6.113,F,7.89856
60.25,3.267,F,8.047062
53.553,17.522,F,7.475509
53.868,10.641,M,8.158201
69.5,4.871,M,7.104965
63.613,14.547,F,7.642332
77.741,13.981,F,7.116394
60.642,15.859,F,7.806452
68.54,9.104,F,8.246067
77.642,11.632,M,6.709792
50.435,15.851,M,7.627252
81.828,15.161,F,7.19766
57.904,12.232,M,6.519442
56.102,18.299,F,8.2753
63.18,12.534,M,7.834274
64.463,18.449,F,8.016549
73.425,10.235,M,7.755253
63.105,9.623,F,7.866339
47.761,6.495,M,7.177553
61.917,9.675,M,7.74049
76.988,16.356,M,8.254269
64.272,8.416,F,7.615742
50.059,10.268,F,7.592568
60.748,17.858,M,5.75003
66.248,8.202,F,8.021552
65.141,6.359,M,6.989612
75.798,2.886,M,7.982621
66.255,13.604,M,7.660114
60.851,14.147,F,6.452837
70.691,11.57,F,6.660575
49.29,17.209,F,7.429699
66.091,6.124,F,8.287101
79.001,3.559,M,6.208188
59.031,16.448,F,7.602401
63.667,7.238,M,6.551652
52.608,14.068,M,6.770789
64.485,11.135,M,7.815933
66.081,2.617,F,7.861573
73.34,13.195,M,7.542054
57.619,18.751,M,7.912899
66.196,17.024,F,6.773652
81.348,18.994,F,7.851233
63.537,18.175,F,7.738401
51.335,9.22,M,6.743116
56.979,15.794,F,7.846003
51.831,17.38,M,7.962416
78.401,17.922,M,7.937767
78.749,7.415,M,7.748934
55.889,12.32,F,7.887959
59.293,11.992,F,7.714544
53.515,12.449,F,6.57647
62.853,16.236,F,8.245962
54.479,12.064,F,7.457321
72.868,16.303,F,7.925194
